Feature,Importance
Price / Million Tokens,0.9935885084068485
Compute Power,0.004209043983676313
Latency (sec),0.0008286232456093495
Context Window,0.00040692600583771795
Training Dataset Size,0.00025375118708452135
Energy Efficiency,0.00024829298572315463
Benchmark (Chatbot Arena),0.0001734567179752999
Speed (tokens/sec),0.00010970634215778519
Benchmark (MMLU),9.08455625436764e-05
Open-Source,9.08455625436764e-05
Quality Rating,0.0
Speed Rating,0.0
