Predictor,Target,Correlation,MSE,RMSE,R2,Coefficient,Intercept
Benchmark (MMLU),Quality Rating,0.9358814801632999,0.07847617306947563,0.28013599031448216,0.8836312540211668,0.07363448049169245,-3.858171720241381
