MSE,RMSE,R2,Coefficient,Intercept
62.83711517083787,7.9269865125934125,0.2010082304406502,13.11553862894452,-23.691017410228554
