MSE,RMSE,R2
0.0004905891705469319,0.02214924762936502,0.9929284443885127
