MSE,RMSE,R2
0.0004905891705469284,0.02214924762936494,0.9929284443885127
